borrower_id,borrower_name,anzsic_division,period,revenue,ebitda,ebit,npat,operating_cash_flow,cash,debtors,inventory,current_assets,current_liabilities,total_assets,total_debt,interest_expense,share_capital,net_worth,scheduled_principal,capex,dividends,intangible_assets,lease_fixed_charges,tax_paid
0,Example AU SME Pty Ltd,Manufacturing,FY-2,18000000,2300000,1950000,1100000,1500000,1200000,2700000,1350000,5800000,4000000,12500000,6500000,700000,1200000,2000000,500000,400000,150000,300000,120000,320000
0,Example AU SME Pty Ltd,Manufacturing,FY-1,20000000,2800000,2350000,1350000,1900000,1500000,2900000,1450000,6400000,4200000,13200000,6200000,650000,1300000,2800000,550000,500000,180000,280000,130000,380000
0,Example AU SME Pty Ltd,Manufacturing,FY0,22500000,3150000,2700000,1620000,2250000,1800000,3100000,1550000,7200000,4500000,14000000,6000000,600000,1400000,3500000,600000,600000,200000,250000,140000,450000
1,Atlas Logistics Pty Ltd,Manufacturing,FY-2,26432894,2019366,1687309,635425,1265444,2807451,3979875,1633241,9185797,9720447,22658372,8262830,802078,1683826,4280795,589704,889757,84246,432240,352265,249806
1,Atlas Logistics Pty Ltd,Manufacturing,FY-1,29605796,2685131,2313215,1109028,1619354,3144446,4457604,1829289,10288425,9891090,25378194,7913743,768192,1439458,4662050,536514,1033101,151988,933729,355348,435995
1,Atlas Logistics Pty Ltd,Manufacturing,FY0,33609837,2899027,2476811,1249754,1383164,3569717,5060473,2076691,11679884,12024787,28810472,7579404,735737,1762634,5327467,671098,1322554,183658,791887,273035,491319
2,Peak Group Pty Ltd,Transport & Logistics,FY-2,32971517,4511677,3663040,1862339,2500328,2809796,5427033,3508878,12832118,13555003,21665059,12074589,1101555,1763300,5142061,1292390,813697,240911,922083,194548,699147
2,Peak Group Pty Ltd,Transport & Logistics,FY-1,34966350,4943849,4043869,2189125,2992899,2979794,5755378,3721172,13608483,14280817,22975833,11322222,1032917,2389273,6259464,1130624,740100,363814,383212,427414,821827
2,Peak Group Pty Ltd,Transport & Logistics,FY0,37402875,5059690,4096997,2274546,3796390,3187431,6156424,3980470,14556749,15210393,24576834,10616735,968556,3564436,7572939,895874,958549,354154,268096,359770,853895
3,Coastal Services Pty Ltd,Transport & Logistics,FY-2,9483236,1007582,896125,490816,566411,585868,1617608,986632,3312363,3029647,7276799,2176417,209683,635715,1348788,136019,271618,80977,114835,63594,195626
3,Coastal Services Pty Ltd,Transport & Logistics,FY-1,10338508,1133974,1012466,585653,841482,638706,1763496,1075614,3611098,3742322,7933077,2007279,193388,742275,1643277,179931,336479,63511,112143,147336,233425
3,Coastal Services Pty Ltd,Transport & Logistics,FY0,11474551,1074114,939253,544051,638032,708890,1957277,1193808,4007902,3735152,8804801,1851285,178359,885419,1994669,147717,363536,77027,295012,124047,216844
4,Gamma Corp Pty Ltd,Retail Trade,FY-2,18954718,1647096,1271525,457797,679278,2117107,1608427,2755013,6749845,8508738,16138250,8235003,650068,1576121,4901663,964928,393277,83767,326616,103286,163660
4,Gamma Corp Pty Ltd,Retail Trade,FY-1,19291690,1777585,1395336,575008,877127,2154744,1637021,2803990,6869842,8056550,16425152,7787812,614767,2501220,5176341,603206,599915,103976,779238,180396,205562
4,Gamma Corp Pty Ltd,Retail Trade,FY0,17225924,1786820,1445503,636556,872433,1924013,1461728,2503737,6134215,7015912,14666336,7364905,581382,1910622,5521346,669495,472308,83843,243231,257075,227565
5,Peak Solutions Pty Ltd,Manufacturing,FY-2,45413285,5167429,4627495,2151690,3441364,4993870,4736304,5471406,15923335,20224521,28231582,17561199,1711734,1492149,4313426,1807476,1018922,340207,422066,363737,764071
5,Peak Solutions Pty Ltd,Manufacturing,FY-1,47707061,5127728,4560523,2147423,3536939,5246105,4975529,5747761,16727606,22745292,29657529,16933428,1650544,1829090,5604440,1766818,1437251,257643,1396944,471624,762556
5,Peak Solutions Pty Ltd,Manufacturing,FY0,51660359,6336442,5722235,3048252,3569719,5680829,5387832,6224056,18113758,23994727,32115132,16328098,1591541,3002074,6892894,1108081,1750524,549943,831882,600740,1082442
6,Peak Industries Pty Ltd,Transport & Logistics,FY-2,14312064,1805919,1542830,658536,712176,1484810,1368919,2085136,5181873,6379542,11857365,6319606,615030,1498965,3835835,691870,499781,70237,555385,93546,269264
6,Peak Industries Pty Ltd,Transport & Logistics,FY-1,14131234,1604912,1345148,542567,718857,1466050,1351623,2058791,5116401,6098847,11707549,5967209,580734,1479007,4230957,469142,513407,86509,194594,86976,221847
6,Peak Industries Pty Ltd,Transport & Logistics,FY0,14553089,1823804,1556285,715413,1028863,1509816,1391972,2120251,5269139,6413721,12057051,5634462,548351,1582619,4556497,386706,321704,81999,257886,75843,292521
7,Gamma Logistics Pty Ltd,Manufacturing,FY-2,10242041,1258548,981781,613438,1051348,492988,1313581,1149076,3314155,5098793,8853405,2159727,150036,1409999,3062518,179485,364411,92888,138031,75030,218308
7,Gamma Logistics Pty Ltd,Manufacturing,FY-1,11242925,1347966,1044153,662857,1010051,541164,1441948,1261367,3638024,6752692,9718587,2093013,145401,1563986,3430581,205898,255114,123130,282958,97534,235895
7,Gamma Logistics Pty Ltd,Manufacturing,FY0,12828372,1531244,1184588,769745,1018513,617478,1645287,1439242,4151048,6173913,11089076,2028360,140910,1640411,3828295,154131,394105,112598,295807,111144,273934
8,Sigma Engineering Pty Ltd,Retail Trade,FY-2,13245530,1619221,1344923,608881,891993,1441876,1419203,1734327,4780354,5060003,13060539,5459014,503188,1139939,2318005,529360,472236,76316,429655,167413,232854
8,Sigma Engineering Pty Ltd,Retail Trade,FY-1,12380731,1655838,1399449,669855,839897,1347736,1326543,1621093,4468245,4476203,12207818,5136085,473422,1234808,2683334,360951,444497,106512,349625,160856,256173
8,Sigma Engineering Pty Ltd,Retail Trade,FY0,12461880,1597540,1339471,646727,1028117,1356569,1335238,1631718,4497532,4765705,12287833,4832259,445417,1291905,3085247,453735,485023,70820,379759,123641,247328
9,Vanguard Solutions Pty Ltd,Manufacturing,FY-2,13028811,2009722,1792496,1025032,1223037,920689,2574555,1339153,5249893,6284407,10377126,5531924,391779,1598672,3604249,482711,482205,162801,294108,184806,375686
9,Vanguard Solutions Pty Ltd,Manufacturing,FY-1,12162036,1703620,1500846,830456,1014680,859437,2403276,1250063,4900631,5527369,9686761,5168189,366018,2068449,4219268,566041,398203,140023,268251,155831,304372
9,Vanguard Solutions Pty Ltd,Manufacturing,FY0,14327802,2205392,1966508,1188835,1482650,1012482,2831242,1472669,5773315,6284114,11411740,4828371,341952,1527048,4717541,375268,321493,120346,251938,87484,435722
10,Alpha Industries Pty Ltd,Transport & Logistics,FY-2,35651201,3204900,2827710,1467506,1704322,3154205,2954102,2155317,9477349,15727545,25750088,9276693,844835,3446163,7838885,642993,856900,256107,536383,396279,515369
10,Alpha Industries Pty Ltd,Transport & Logistics,FY-1,35920017,3452449,3072415,1666480,2233717,3177988,2976376,2171568,9548810,13932481,25944247,9011552,820689,4077151,8719388,937898,808146,271638,996160,199177,585247
10,Alpha Industries Pty Ltd,Transport & Logistics,FY0,39201120,3559684,3144937,1737512,2048048,3468280,3248252,2369930,10421043,13770822,28314117,8753990,797232,2993831,9719276,626632,1179586,321636,1393287,437606,610192
11,Titan Solutions Pty Ltd,Retail Trade,FY-2,22158614,1155567,651943,-45956,130417,1787496,4390851,1574631,8243149,8760608,15736491,7602693,743855,1565176,3707213,672443,624334,0,513495,255363,0
11,Titan Solutions Pty Ltd,Retail Trade,FY-1,25101936,1413352,842831,88435,926849,2024928,4974086,1783789,9338084,11109447,17826764,7384436,722500,1570933,3679639,543019,611297,9162,678845,204886,31896
11,Titan Solutions Pty Ltd,Retail Trade,FY0,24587344,1650456,1091630,286529,763850,1983417,4872117,1747221,9146653,10823238,17461314,7172445,701759,1427243,3732700,676702,781045,40641,627174,316545,103342
12,Zenith Engineering Pty Ltd,Professional Services,FY-2,11922618,2876249,2636930,1665039,1983712,641908,1392415,109143,2374966,2488006,4684954,3935284,285615,355747,846677,327693,466992,218280,86027,79394,686276
12,Zenith Engineering Pty Ltd,Professional Services,FY-1,12881718,2934792,2676221,1706614,2104988,693546,1504426,117922,2566017,2943335,5061830,3667715,266196,597886,1845700,361099,514100,288019,156935,172139,703412
12,Zenith Engineering Pty Ltd,Professional Services,FY0,16254631,3782756,3456482,2271957,2657809,875142,1898341,148799,3237895,3611331,6387205,3418339,248096,1070340,2869668,207301,576098,387461,105709,242053,936429
13,Nova Solutions Pty Ltd,Retail Trade,FY-2,29738685,2736867,2160337,1106551,1217445,1389666,4594426,3237166,9736035,9414278,23788535,7067941,680531,1435326,3844743,673062,1097048,204935,712530,267218,373255
13,Nova Solutions Pty Ltd,Retail Trade,FY-1,30359200,2392152,1803592,855490,1637581,1418662,4690291,3304711,9939183,9813251,24284897,6849855,659532,1839113,4508674,760447,900194,128733,759059,430292,288569
13,Nova Solutions Pty Ltd,Retail Trade,FY0,35835458,2869072,2174347,1147946,1649600,1674563,5536336,3900822,11732034,11625944,28665459,6638499,639182,1846534,5021968,533971,1267592,219206,407026,405239,387218
14,Apex Enterprises Pty Ltd,Manufacturing,FY-2,22231937,3962405,3736834,2260745,2783376,2602402,4303235,2974075,10623596,9936762,23008539,5991630,511390,3191628,6461269,535544,770894,254078,1130103,130017,964699
14,Apex Enterprises Pty Ltd,Manufacturing,FY-1,24880939,4344853,4092404,2532256,3095207,2912486,4815979,3328445,11889429,10491300,25750076,5619058,479591,3884745,7817716,669412,870825,263594,681425,262609,1080557
14,Apex Enterprises Pty Ltd,Manufacturing,FY0,26056019,4123750,3859378,2389828,2588404,3050037,5043428,3485641,12450945,12775835,26966204,5269654,449769,3339362,9337069,463194,701685,424754,1125766,339265,1019781
15,Nova Industries Pty Ltd,Professional Services,FY-2,2850327,480979,403139,247449,366652,120764,415119,52890,651597,583895,1270189,1096971,67967,146546,407310,118962,72673,26844,33428,42686,87723
15,Nova Industries Pty Ltd,Professional Services,FY-1,2742038,417215,342332,205971,268771,116176,399348,50881,626842,629493,1221932,1022319,63341,232351,555779,122601,103460,27640,18907,32929,73019
15,Nova Industries Pty Ltd,Professional Services,FY0,3064672,523616,439923,281202,365880,129846,446337,56868,700597,755623,1365708,952748,59031,257742,679362,74106,72792,48300,45061,33565,99690
16,Core Enterprises Pty Ltd,Retail Trade,FY-2,27713067,1788576,1260210,348740,872239,1829822,5342537,2232526,10437804,14171521,19875695,9938877,763458,1436431,3940842,1189506,711254,62209,916312,294360,148013
16,Core Enterprises Pty Ltd,Retail Trade,FY-1,33942479,2764584,2117450,972316,1313145,2241134,6543446,2734358,12784040,14141430,24343404,9535383,732463,1374045,4150086,958076,1060016,139857,1010339,204298,412671
16,Core Enterprises Pty Ltd,Retail Trade,FY0,34708993,2734045,2072297,961492,1504417,2291745,6691214,2796107,13072739,14882622,24893144,9148270,702727,2247752,4733475,996048,1243953,141941,433319,400168,408078
17,Coastal Industries Pty Ltd,Construction,FY-2,28813487,1740797,1190392,448327,982322,2061031,3103641,2532655,8345581,13123766,17645495,9480270,588141,1603710,4374325,698650,1061030,55704,210736,187418,153923
17,Coastal Industries Pty Ltd,Construction,FY-1,33546000,1510800,869992,226783,1219546,2399547,3613403,2948635,9716313,17695737,20543704,9112869,565348,1793555,4643322,727609,845593,33561,584074,183622,77861
17,Coastal Industries Pty Ltd,Construction,FY0,26836800,1572739,1060093,384608,635338,1919638,2890722,2358908,7773050,12950203,16434963,8759708,543438,2179958,4779391,1014576,709828,64739,632127,171274,132047
18,Atlas Engineering Pty Ltd,Transport & Logistics,FY-2,4333352,287638,193154,17936,134793,330880,492006,673768,1618433,1408402,4044094,1786896,168209,375023,1092499,183131,93436,1828,184414,27895,7008
18,Atlas Engineering Pty Ltd,Transport & Logistics,FY-1,4853350,479840,374018,150439,238220,370585,551046,754619,1812643,1732461,4529382,1750650,164797,422334,1103261,182619,99963,17534,152881,57905,58782
18,Atlas Engineering Pty Ltd,Transport & Logistics,FY0,5448520,548816,430017,193109,263245,416030,618621,847159,2034929,1792770,5084823,1715139,161454,433879,1193524,135546,146726,33315,76481,36665,75454
19,Zenith Enterprises Pty Ltd,Manufacturing,FY-2,8168319,1131952,962672,563684,774723,477867,689657,980837,2444190,3570350,5676312,2903413,180072,692584,1675386,190593,231861,101239,211745,55417,218915
19,Zenith Enterprises Pty Ltd,Manufacturing,FY-1,8606318,1213076,1034718,620297,832328,503491,726638,1033431,2575252,3828532,5980685,2797754,173519,909510,2013596,317208,260700,94299,95541,60205,240902
19,Zenith Enterprises Pty Ltd,Manufacturing,FY0,10360328,1439112,1224404,761471,791070,606104,874730,1244050,3100101,4166452,7199578,2695940,167204,1184975,2385775,225651,209790,107212,348906,140795,295729
20,Metro Holdings Pty Ltd,Transport & Logistics,FY-2,11637307,1752327,1465785,824753,1023679,487035,1249747,1585990,3781012,4314958,7268145,4605348,295592,822035,1975106,321326,450453,113586,350295,145874,345439
20,Metro Holdings Pty Ltd,Transport & Logistics,FY-1,10002278,1491271,1244988,680426,837254,418607,1074159,1363160,3249784,4145622,6246979,4355757,279573,943099,2469958,440253,293595,94859,123340,138135,284989
20,Metro Holdings Pty Ltd,Transport & Logistics,FY0,8826349,1433498,1216169,670793,859325,369393,947875,1202899,2867720,3606626,5512546,4119692,264421,1209871,2878213,331094,211257,75874,76938,68679,280955
21,Gamma Trading Pty Ltd,Transport & Logistics,FY-2,22792443,1676040,1222240,604783,1052205,1042658,4633829,3629304,9627934,13176924,21596451,5189224,372539,1859186,5582097,547987,844202,78382,1029320,136845,244918
21,Gamma Trading Pty Ltd,Transport & Logistics,FY-1,22732301,2065381,1612778,892071,1395950,1039907,4621601,3619728,9602530,15311418,21539465,5006843,359446,2084609,5944967,532434,720263,122326,319349,173797,361261
21,Gamma Trading Pty Ltd,Transport & Logistics,FY0,23773603,2002780,1529445,841750,1540376,1087542,4833304,3785537,10042394,15055304,22526127,4830871,346813,2151834,6480209,349798,825006,118254,1032708,320106,340882
22,Highland Industries Pty Ltd,Manufacturing,FY-2,25369853,4125128,3745389,2186394,2421158,1896778,3742127,2881926,8874808,12951233,15873218,6626583,646760,1414351,4141058,609070,567754,351600,678299,165634,912235
22,Highland Industries Pty Ltd,Manufacturing,FY-1,28019647,4634100,4214699,2531082,2903927,2094890,4132979,3182934,9801751,13592827,17531121,6429938,627567,1911986,5452894,458032,1074188,370807,695365,398066,1056050
22,Highland Industries Pty Ltd,Manufacturing,FY0,28306192,4424786,4001095,2393504,3349967,2116314,4175245,3215484,9901989,13287665,17710404,6239128,608944,2133368,6971544,744429,748151,335199,509181,238165,998648
23,Core Engineering Pty Ltd,Transport & Logistics,FY-2,32600453,5204974,4462327,2984990,4028982,3708243,5220782,3190119,12757288,12527729,26478168,6538907,465805,3317954,9002901,600826,1203614,564906,1268342,294428,1011532
23,Core Engineering Pty Ltd,Transport & Logistics,FY-1,40811295,5909521,4979828,3399204,4343022,4642211,6535703,3993592,15970374,16945176,33147035,6018397,428726,3620781,10793895,599431,849082,594731,817188,433342,1151898
23,Core Engineering Pty Ltd,Transport & Logistics,FY0,42844809,5718385,4742368,3247336,4102189,4873520,6861359,4192581,16766133,18790890,34798659,5539319,394598,5590478,12833417,432891,1242185,646807,1375954,522613,1100434
24,Titan Engineering Pty Ltd,Professional Services,FY-2,22862986,4508801,4238230,2630939,2619195,2136041,4305029,154516,6912946,9591526,18562316,8387800,725682,1444242,3536204,848222,736216,347413,835384,328298,881608
24,Titan Engineering Pty Ltd,Professional Services,FY-1,26010366,5402183,5094364,3304443,3987411,2430095,4897671,175788,7864601,10232886,21117655,7890143,682627,2251921,5114768,484405,652916,653000,726639,352176,1107295
24,Titan Engineering Pty Ltd,Professional Services,FY0,27983258,5635389,5304222,3491964,3683007,2614418,5269161,189121,8461132,11213183,22719433,7422013,642126,3481891,7097434,623476,909723,488762,630640,230083,1170132
25,Metro Services Pty Ltd,Construction,FY-2,39771138,5505904,4515609,2387400,3963131,2895283,4532970,4733142,12820232,12041850,24846975,15557149,1232504,3597739,7690192,1511845,887456,284719,317684,306489,895705
25,Metro Services Pty Ltd,Construction,FY-1,38121478,4706382,3757164,1894809,2901149,2775190,4344948,4536817,12288464,12593095,23816351,14534182,1151460,2989175,9122632,1685588,1059825,218654,369627,527925,710895
25,Metro Services Pty Ltd,Construction,FY0,36097047,4959333,4060522,2170462,3217693,2627814,4114211,4295890,11635888,11577820,22551591,13578481,1075746,4666718,10259517,1613793,1442878,308813,938812,419972,814314
26,Beta Corp Pty Ltd,Manufacturing,FY-2,42966230,5813483,4531335,2353491,4053986,4029423,5781602,2596428,13292562,14355730,25581630,19328594,1233318,3529621,7668456,1220957,982989,271481,1048462,568498,944526
26,Beta Corp Pty Ltd,Manufacturing,FY-1,47789601,6841933,5415851,3029563,5049172,4481764,6430642,2887902,14784780,15497641,28453413,18343076,1170434,3616343,9080550,1101155,1795999,464686,324185,319235,1215854
26,Beta Corp Pty Ltd,Manufacturing,FY0,49599106,6796175,5316096,3000963,5041561,4651461,6674132,2997249,15344591,14490927,29530773,17407807,1110757,5215988,10898288,1500187,1087307,320358,1065775,320839,1204376
27,Nova Holdings Pty Ltd,Retail Trade,FY-2,17551428,1588372,1235876,537749,794910,948264,1628638,1300809,4486626,5294665,9197343,6802345,508245,998657,2102362,632989,418532,69320,101751,173091,189882
27,Nova Holdings Pty Ltd,Retail Trade,FY-1,17049715,1333812,991393,375050,719947,921157,1582083,1263625,4358375,5361609,8934435,6476644,483910,1200670,2425011,710571,416285,65061,107020,129609,132432
27,Nova Holdings Pty Ltd,Retail Trade,FY0,20087476,1566542,1163113,519082,1061135,1085281,1863964,1488766,5134910,6658517,10526290,6166537,460740,1257635,2650042,632884,665327,81310,358550,184535,183291
28,Southern Group Pty Ltd,Construction,FY-2,50463632,4331317,3143754,1689410,3061349,5795413,7071547,5398042,18859696,23410356,34511422,10926376,748359,2000970,5861123,829185,1145214,229888,1571464,306518,705984
28,Southern Group Pty Ltd,Construction,FY-1,48372573,3311144,2172790,1015204,2450065,5555269,6778524,5174364,18078208,27976651,33081374,10707148,733344,2643671,6874769,1034622,1799732,107131,1561000,297649,424241
28,Southern Group Pty Ltd,Construction,FY0,51653939,4659320,3443745,1921954,3064702,5932112,7238347,5525368,19304548,29193472,35325458,10492320,718630,2508807,7483892,758840,1364074,260880,494318,578302,803161
29,Titan Logistics Pty Ltd,Manufacturing,FY-2,39679404,6771637,5622010,3301647,3981420,2606415,6121920,2731041,12086162,16892129,24277560,13658255,912558,2447524,5736880,1273823,1104271,517677,610428,485324,1407804
29,Titan Logistics Pty Ltd,Manufacturing,FY-1,46156872,8534739,7197440,4449874,5827101,3031900,7121294,3176871,14059169,23370517,28240753,12724421,850165,3745897,7717868,1008320,1227092,650490,389315,410379,1897402
29,Titan Logistics Pty Ltd,Manufacturing,FY0,50443858,9430725,7969219,5031694,6658156,3313498,7782709,3471934,15364965,20881388,30863715,11854433,792038,5054242,10387792,957173,1463928,834634,513650,360441,2145487
30,Peak Trading Pty Ltd,Professional Services,FY-2,19377409,5728509,5168300,3514847,3958839,2096086,1656050,394694,4629182,5537947,12172157,5776816,480395,1129190,2734014,411636,687862,690814,304043,190240,1173059
30,Peak Trading Pty Ltd,Professional Services,FY-1,20770937,6128699,5528203,3811861,4748861,2246826,1775145,423078,4962090,5869510,13047519,5341048,444157,1714725,4842922,510905,621712,748489,183243,221084,1272186
30,Peak Trading Pty Ltd,Professional Services,FY0,21217014,6460483,5847091,4076073,4766631,2295079,1813268,432164,5068656,6612220,13327728,4938151,410652,2368012,7130038,556475,651994,756373,565609,314467,1360365
31,Southern Solutions Pty Ltd,Transport & Logistics,FY-2,17319437,2369800,1893746,1154460,1498798,1332526,2744640,1025111,5546825,7913039,9633292,3567676,280230,1245925,3270155,221745,374355,188666,465753,138861,459055
31,Southern Solutions Pty Ltd,Transport & Logistics,FY-1,17643707,2604557,2119590,1326321,1712350,1357475,2796028,1044304,5650677,7592296,9813655,3384913,265875,1830011,3962831,311669,582831,189535,113995,247539,527394
31,Southern Solutions Pty Ltd,Transport & Logistics,FY0,16652130,2485075,2027363,1270079,1724086,1281184,2638891,985614,5333109,8696273,9262127,3211512,252255,2354964,4758624,384137,623259,181758,354109,90773,505030
32,Apex Enterprises Pty Ltd,Transport & Logistics,FY-2,34149127,3028976,2416181,1003695,1486830,3299745,3203738,5116954,12812261,11561414,31946564,10629053,1049620,3383406,8278477,694983,1164375,139146,889485,182758,362867
32,Apex Enterprises Pty Ltd,Transport & Logistics,FY-1,36940355,3228201,2565319,1131569,1933697,3569455,3465600,5535196,13859489,13753789,34557763,10376219,1024653,4260818,8880694,670783,1095605,154074,1632073,242891,409097
32,Apex Enterprises Pty Ltd,Transport & Logistics,FY0,45147244,3989085,3178932,1600150,1901498,4362466,4235538,6764927,16938596,15586701,42235320,10129400,1000279,4725909,9559636,1081741,1315052,222662,1456647,318658,578504
33,Sigma Enterprises Pty Ltd,Transport & Logistics,FY-2,22567204,2158982,1845241,873976,1303531,1530780,4259090,3583160,9660026,12664917,23716836,7721198,629191,2060163,6121205,550322,755032,150491,730051,337338,342074
33,Sigma Enterprises Pty Ltd,Transport & Logistics,FY-1,24864527,2408581,2062902,1064209,1305743,1686612,4692662,3947923,10643409,13976506,26131191,7144062,582161,2419971,6645591,474643,713492,124393,792499,245234,416532
33,Sigma Enterprises Pty Ltd,Transport & Logistics,FY0,22952849,2157391,1838289,934054,1764943,1556939,4331873,3644392,9825104,13753608,24122127,6610066,538646,3136820,7284116,593973,564018,180895,662555,224467,365589
34,Gamma Logistics Pty Ltd,Professional Services,FY-2,3536992,879090,780284,484743,569569,239857,664085,61153,1070766,1190141,2697353,1127913,104770,303032,677447,86122,123455,78859,43635,36409,190771
34,Gamma Logistics Pty Ltd,Professional Services,FY-1,3475633,934595,837502,527578,675664,235696,652565,60092,1052190,1177949,2650559,1101271,102295,379514,968292,73393,78630,92182,47463,48062,207629
34,Gamma Logistics Pty Ltd,Professional Services,FY0,4103712,1070272,955634,614082,724033,278289,770489,70951,1242331,1295563,3129540,1075260,99879,440827,1284839,126195,98373,116349,67764,51729,241673
35,Gamma Services Pty Ltd,Transport & Logistics,FY-2,16876575,1615281,1208546,622445,1149338,913165,1888044,1592058,4798720,6947916,9023561,3670367,335062,616450,1589754,440186,417188,93238,418191,98079,251039
35,Gamma Services Pty Ltd,Transport & Logistics,FY-1,15634961,1589255,1212444,636890,828978,845983,1749140,1474930,4445677,5599983,8359695,3491005,318688,707924,1963221,337968,551337,104641,348249,80646,256865
35,Gamma Services Pty Ltd,Transport & Logistics,FY0,16878770,1614437,1207649,644572,955776,913284,1888290,1592266,4799344,5356975,9024735,3320409,303115,876822,2345355,376490,651522,120353,256639,164939,259963
36,Highland Solutions Pty Ltd,Professional Services,FY-2,11369335,3360542,3054062,1884449,2217869,961393,2250388,107352,3533888,5826238,7077966,5101489,487682,978314,2242471,378099,412022,214838,145692,85615,681932
36,Highland Solutions Pty Ltd,Professional Services,FY-1,12525112,3330398,2992762,1865354,2189844,1059125,2479157,118265,3893134,6001598,7797494,4732271,452386,1141417,3373140,362362,316813,312952,212078,159794,675022
36,Highland Solutions Pty Ltd,Professional Services,FY0,14387641,4071475,3683631,2396688,2980758,1216621,2847816,135851,4472057,6819094,8957010,4389774,419645,1505353,4492352,517428,550553,434873,244532,182989,867298
37,Nova Trading Pty Ltd,Construction,FY-2,16719121,2390558,1952537,1183831,1779474,1527797,2362378,2495161,6898814,6192162,12810428,3716000,334005,1709604,3791413,401935,401447,152647,258631,150814,434701
37,Nova Trading Pty Ltd,Construction,FY-1,17614110,2667172,2205703,1379682,1667652,1609581,2488838,2628729,7268113,6562417,13496181,3553559,319405,1438556,4501712,269935,417587,247799,207862,127648,506617
37,Nova Trading Pty Ltd,Construction,FY0,20669343,2852286,2310774,1466745,1914103,1888769,2920537,3084691,8528795,7729393,15837144,3398218,305442,2097946,5329521,259787,605127,279797,756254,278348,538586
38,Pacific Solutions Pty Ltd,Retail Trade,FY-2,3948154,460191,353718,189308,262980,387985,704586,622407,1806720,1757253,4378210,1014341,96055,294056,908789,105686,118861,33827,76799,48240,68356
38,Pacific Solutions Pty Ltd,Retail Trade,FY-1,4334047,462562,345683,185030,308234,425907,773452,683241,1983309,2055704,4806137,990979,93843,355446,1022374,99770,137185,35399,200941,61451,66811
38,Pacific Solutions Pty Ltd,Retail Trade,FY0,4527588,525761,403663,229216,350543,444926,807991,713752,2071875,1948182,5020759,968154,91681,454008,1133392,88475,126329,28577,243130,67198,82766
39,Urban Enterprises Pty Ltd,Retail Trade,FY-2,15796184,1246102,967209,327808,351584,910060,2913933,907871,5227193,5542079,13622238,7029217,506475,806934,2127502,645827,552773,57238,261954,191136,132926
39,Urban Enterprises Pty Ltd,Retail Trade,FY-1,18309972,1495665,1172390,500102,1004377,1054886,3377653,1052349,6059043,7130077,15790067,6516001,469496,1136596,2324187,695624,460537,94305,175069,207921,202792
39,Urban Enterprises Pty Ltd,Retail Trade,FY0,17767609,1277126,963427,375816,754282,1023639,3277603,1021177,5879566,6434389,15322346,6040256,435217,813979,2624248,451461,663304,45696,740692,221028,152394
40,Sigma Solutions Pty Ltd,Professional Services,FY-2,12951078,2312942,2033559,1225295,1436242,591921,1208178,42618,2356806,3671558,5799289,3046829,292848,763088,1601662,230469,443639,179831,253329,175670,515416
40,Sigma Solutions Pty Ltd,Professional Services,FY-1,13576088,2367950,2075084,1270674,1645851,620486,1266484,44675,2470544,4187346,6079159,2808138,269906,999451,2336839,194357,392999,148633,141085,78435,534504
40,Sigma Solutions Pty Ltd,Professional Services,FY0,14909077,2347775,2026154,1251116,1373197,681410,1390836,49061,2713118,4443617,6676050,2588147,248762,1253411,3099243,193545,401371,224772,249965,188603,526277
41,Sigma Solutions Pty Ltd,Construction,FY-2,42889580,4996577,4044141,1937395,2619592,2478565,5688049,2757678,11920568,12562725,25085295,15263826,1339273,3336985,6871963,1367798,1374180,293649,702967,255273,767472
41,Sigma Solutions Pty Ltd,Construction,FY-1,41848496,4678439,3749121,1753044,2239958,2418401,5549980,2690739,11631213,11928788,24476385,14834840,1301633,3200604,8034400,1306938,1454248,259730,421860,209480,694444
41,Sigma Solutions Pty Ltd,Construction,FY0,40644745,4983295,4080709,2016751,2491800,2348837,5390337,2613341,11296647,12459270,23772333,14417910,1265051,3686568,9086227,1697449,871302,387556,443987,378787,798908
42,Southern Services Pty Ltd,Construction,FY-2,45340654,3024581,2275338,589595,1555129,2625934,8476573,7447438,19393588,26431670,55028123,16340333,1476933,6011388,14051687,1946179,1091677,76836,1142671,480963,208810
42,Southern Services Pty Ltd,Construction,FY-1,45835603,3112812,2355389,697502,1454666,2654599,8569105,7528736,19605293,27923384,55628822,15609340,1410861,6799285,14405444,1785184,1401233,100427,1270229,460878,247026
42,Southern Services Pty Ltd,Construction,FY0,46327114,3333031,2567487,900737,1684671,2683065,8660995,7609469,19815527,26126889,56225350,14911048,1347746,7213134,14823945,1609005,1698201,178852,1793100,526587,319004
43,Peak Services Pty Ltd,Construction,FY-2,23345246,1403592,815599,178962,820948,974381,2076900,2767473,6646664,10934703,11419390,7902256,574134,1697295,3546297,758345,888942,21525,251351,169117,62503
43,Peak Services Pty Ltd,Construction,FY-1,22867171,1417628,841676,207339,714841,954427,2034368,2710799,6510551,9163601,11185538,7734180,561923,1104152,3653674,906360,708651,34418,325380,124846,72414
43,Peak Services Pty Ltd,Construction,FY0,24040674,1315498,709990,118598,885687,1003407,2138769,2849913,6844661,10978367,11759561,7569679,549971,1268379,3778078,678575,552955,20456,286776,204878,41421
44,Vanguard Enterprises Pty Ltd,Construction,FY-2,6014079,666532,594027,344153,381680,685935,625300,872892,2280596,2154992,3820176,1917021,133852,571111,1156000,180795,186475,55540,49665,58485,116023
44,Vanguard Enterprises Pty Ltd,Construction,FY-1,4865708,453583,394922,200874,184066,554958,505900,706216,1845122,1683903,3090724,1809277,126328,655604,1362492,125229,104920,32436,121129,49135,67720
44,Vanguard Enterprises Pty Ltd,Construction,FY0,5264736,601554,538082,313249,400571,600469,547389,764131,1996438,1983070,3344190,1707587,119228,732820,1483016,178249,194773,44395,147008,42761,105605
45,Peak Holdings Pty Ltd,Manufacturing,FY-2,23497519,2767077,2128150,1183559,1522981,1106080,4791503,1675337,8283151,11404474,15666441,6921197,482186,1594965,3399765,474091,679731,132073,186351,221130,462406
45,Peak Holdings Pty Ltd,Manufacturing,FY-1,26284189,3662106,2947407,1797312,2536936,1237254,5359747,1874022,9265485,10651010,17524390,6429077,447901,1660459,4109900,444644,1026647,338810,376139,240330,702194
45,Peak Holdings Pty Ltd,Manufacturing,FY0,24246300,2737195,2077908,1194985,1556547,1141326,4944190,1728723,8547105,11061514,16165674,5971948,416054,2430953,5188287,604672,800513,177965,252047,247767,466870
46,Peak Enterprises Pty Ltd,Retail Trade,FY-2,3865177,296311,222367,98175,141740,185617,482008,390237,1187286,1096511,2245254,1153825,86668,294453,690440,70353,80577,11258,51542,37681,37524
46,Peak Enterprises Pty Ltd,Retail Trade,FY-1,4675545,457110,367663,207596,283490,224534,583065,472053,1436211,1282949,2715991,1074652,80721,364056,749346,93656,135117,27741,79285,29499,79346
46,Peak Enterprises Pty Ltd,Retail Trade,FY0,4235877,471641,390604,228201,317641,203419,528236,427663,1301156,1209707,2460591,1000911,75182,433632,873903,110660,131057,45358,120869,23370,87221
47,Apex Group Pty Ltd,Transport & Logistics,FY-2,22146301,3422827,2977888,1643510,2133940,940898,2329412,1944993,5697098,8415660,10666104,9188117,654006,871802,2357674,572776,602955,199494,208401,289440,680372
47,Apex Group Pty Ltd,Transport & Logistics,FY-1,21937527,3214036,2773291,1520505,1856370,932028,2307452,1926657,5643392,7525330,10565554,8757239,623336,1482466,3343780,785314,812839,288910,421401,315222,629451
47,Apex Group Pty Ltd,Transport & Logistics,FY0,24183196,3765511,3279649,1899287,2701525,1027437,2543658,2123883,6221086,9564915,11647113,8346567,594104,1673925,4256083,562861,760296,255008,177386,267595,786257
48,Alpha Industries Pty Ltd,Construction,FY-2,44247264,3399314,2414273,1330450,1692970,2452862,3815745,3779103,10992771,16052915,18515738,9005698,635649,1591308,3525820,1024220,1331152,236014,782400,262980,448174
48,Alpha Industries Pty Ltd,Construction,FY-1,38776508,2711963,1848713,943374,1039721,2149589,3343964,3311853,9633619,12899387,16226442,8324326,587556,2154097,4324090,716399,1187976,166482,362473,579425,317784
48,Alpha Industries Pty Ltd,Construction,FY0,48729785,3474425,2389593,1381216,2338590,2701352,4202303,4161950,12106407,14891999,20391497,7694507,543101,2375154,4890114,815714,1281186,254734,961861,618912,465275
49,Swift Solutions Pty Ltd,Retail Trade,FY-2,3922844,320480,248757,139075,200630,259789,754674,398076,1510905,1860136,2950886,826208,58337,297171,776549,57999,154542,25564,60605,41734,51344
49,Swift Solutions Pty Ltd,Retail Trade,FY-1,3970045,334227,261640,150483,225559,262915,763754,402865,1529085,1893672,2986392,787464,55602,399710,859994,85907,141709,17187,140910,48476,55556
49,Swift Solutions Pty Ltd,Retail Trade,FY0,3925556,370112,298338,179190,255185,259968,755196,398351,1511950,1847151,2952926,750538,52994,333877,950284,71338,154478,27353,43135,21938,66154
50,Vanguard Solutions Pty Ltd,Professional Services,FY-2,20765728,4072128,3492877,2189025,2613807,2280130,4266330,259061,7313684,6509504,20140858,5118619,427432,1591310,4288865,507889,494243,373288,277155,285792,876420
50,Vanguard Solutions Pty Ltd,Professional Services,FY-1,21897327,3948441,3337625,2090184,2586798,2404382,4498817,273178,7712233,6417175,21238405,4916966,410593,2187634,5602279,395034,831387,223055,1019317,139370,836847
50,Vanguard Solutions Pty Ltd,Professional Services,FY0,23844336,4244956,3579828,2274692,2714740,2618169,4898831,297468,8397969,8606968,23126826,4723258,394418,2627590,6856390,469150,597686,236284,923699,195562,910719
51,Coastal Logistics Pty Ltd,Transport & Logistics,FY-2,14687265,1499482,1168445,578739,923112,1520041,2152353,2269158,6114297,7159019,10600310,4362683,354931,904871,2781541,489245,506250,93318,197704,135156,234774
51,Coastal Logistics Pty Ltd,Transport & Logistics,FY-1,14190886,1160826,840977,356059,761733,1468669,2079610,2192469,5907655,6841295,10242055,4185021,340478,1408904,3128784,260249,530558,62473,454889,97648,144441
51,Coastal Logistics Pty Ltd,Transport & Logistics,FY0,13624342,1342827,1035747,504484,958823,1410035,1996586,2104939,5671803,6451582,9833161,4014595,326612,1342100,3342420,374848,443867,92949,353364,114311,204651
52,Delta Group Pty Ltd,Construction,FY-2,16239775,1820670,1428257,760096,895569,1632426,2795345,2578563,7398511,8269155,15031140,5726640,412118,1943868,4052900,514122,449739,97860,190582,123866,256043
52,Delta Group Pty Ltd,Construction,FY-1,15017354,1773356,1410481,758655,1009707,1509548,2584930,2384466,6841601,8727644,13899696,5506407,396269,2249978,4508958,634089,354622,89107,363212,223162,255557
52,Delta Group Pty Ltd,Construction,FY0,15697762,2094562,1715246,998026,1368754,1577943,2702048,2492501,7151581,8319445,14529466,5294643,381029,1567424,4964151,328032,424505,176059,191950,111291,336191
53,Highland Trading Pty Ltd,Manufacturing,FY-2,28915928,4784020,3992743,2567071,3688417,3151947,4956787,1794842,10917539,17352608,20168211,8454812,530671,2017460,5236770,956916,867860,469955,414108,295360,895001
53,Highland Trading Pty Ltd,Manufacturing,FY-1,33508350,5604668,4687721,3103660,4423612,3652538,5744023,2079898,12651460,20407120,23371322,7997705,501981,3111361,6777013,799073,1333024,326427,625019,322427,1082081
53,Highland Trading Pty Ltd,Manufacturing,FY0,35554653,5912964,4940020,3310859,4132125,3875593,6094802,2206914,13424065,22374810,24798572,7565311,474841,3436501,8639208,764950,817849,489229,611613,294001,1154320
54,Pacific Holdings Pty Ltd,Retail Trade,FY-2,9773028,1228926,965510,607484,879174,853876,1704609,612474,3490363,4531921,6516787,2534966,152972,397697,1224493,197334,350318,109698,242919,101389,205054
54,Pacific Holdings Pty Ltd,Retail Trade,FY-1,7834657,883295,672125,391459,819448,684519,1366519,490997,2798088,3411516,5224255,2461361,148530,653153,1588983,196385,274695,48825,255903,77337,132136
54,Pacific Holdings Pty Ltd,Retail Trade,FY0,8552862,1035273,804745,493835,795739,747269,1491788,536006,3054590,4178004,5703164,2389893,144217,764724,1823859,277028,323733,76835,152140,51940,166692
55,Coastal Engineering Pty Ltd,Transport & Logistics,FY-2,6425475,608433,450918,236389,376317,748939,783571,843074,2553092,2583246,4559885,1395325,118973,354280,868572,137430,134816,37472,143638,49679,95556
55,Coastal Engineering Pty Ltd,Transport & Logistics,FY-1,7202968,805058,628485,368052,601553,839562,878384,945088,2862020,3077697,5111639,1309498,111655,400398,1010405,140659,202299,60998,175063,74003,148779
55,Coastal Engineering Pty Ltd,Transport & Logistics,FY0,6849594,632159,464248,255984,318900,798373,835291,898722,2721611,3262813,4860864,1228949,104787,510118,1231236,119805,216855,44035,68284,94044,103477
56,Nova Industries Pty Ltd,Construction,FY-2,9972444,1294633,1127377,616177,937995,1152131,1056973,954495,3414453,5324184,6772500,3107040,276318,949743,2062234,289375,390740,118510,202796,144650,234882
56,Nova Industries Pty Ltd,Construction,FY-1,12356669,1634651,1427407,847776,1001178,1427584,1309676,1182697,4230785,5503108,8391679,2883810,256465,783484,2431941,209666,346515,159693,95288,164239,323165
56,Nova Industries Pty Ltd,Construction,FY0,10449622,1162745,987486,542609,728415,1207260,1107549,1000167,3577833,5368057,7096562,2676618,238039,1240148,2940606,292198,219639,82593,264848,81214,206838
57,Vanguard Engineering Pty Ltd,Professional Services,FY-2,23552443,5024773,4679620,2900416,3063253,2660871,3004659,404043,6411785,5904444,14409694,9636722,665589,1753985,4003626,830872,746897,293637,448167,158491,1113616
57,Vanguard Engineering Pty Ltd,Professional Services,FY-1,24759803,4975883,4613036,2866131,3119909,2797274,3158686,424756,6740470,6664917,15148372,9359667,646453,1742097,5743875,752358,882175,432710,378878,202948,1100452
57,Vanguard Engineering Pty Ltd,Professional Services,FY0,26895868,5385199,4991050,3152702,3902550,3038599,3431190,461400,7321981,6917051,16455245,9090577,627867,3669221,7463554,681698,740864,475172,802971,213543,1210481
58,Nova Holdings Pty Ltd,Professional Services,FY-2,13483446,2765481,2505595,1611705,1919968,1245866,1176805,36923,2997134,5180193,6463537,2801168,244073,778036,1770901,242904,519431,173539,181261,187842,649818
58,Nova Holdings Pty Ltd,Professional Services,FY-1,14446894,2865020,2586565,1679334,2088571,1334888,1260893,39561,3211292,5277817,6925383,2641333,230146,1291734,2737923,211469,296455,200618,180717,166510,677086
58,Nova Holdings Pty Ltd,Professional Services,FY0,13385364,2613791,2355796,1524232,1741117,1236803,1168245,36655,2975332,4377412,6416520,2490618,217014,1215265,3745524,174243,491564,153017,261194,83580,614550
59,Vanguard Solutions Pty Ltd,Construction,FY-2,9880397,1384545,1136851,711157,1008231,1006137,1810053,1075028,4070390,4578059,10869952,2054088,173710,1740469,3538119,133404,310484,95480,382688,95287,251984
59,Vanguard Solutions Pty Ltd,Construction,FY-1,11102926,1474999,1196658,758991,850902,1130629,2034016,1208044,4574031,4977832,12214921,1995240,168733,1370506,3964813,179160,315877,97800,376696,78751,268933
59,Vanguard Solutions Pty Ltd,Construction,FY0,12499104,1798971,1485629,975928,1275743,1272804,2289790,1359954,5149209,5587030,13750930,1938077,163899,2149834,4420208,219518,390066,121143,373251,165355,345801
60,Beta Engineering Pty Ltd,Manufacturing,FY-2,38098156,6714272,5724673,3159143,4420382,3247383,7485265,3734354,14969070,19106521,27797470,13949446,1391094,3183284,6902725,1324081,1199955,457215,1187325,495496,1174435
60,Beta Engineering Pty Ltd,Manufacturing,FY-1,40119004,6704681,5662590,3185664,3582567,3419635,7882308,3932436,15763077,22248652,29271937,12962097,1292632,4214632,8798211,1167353,1177311,445561,1165782,543071,1184294
60,Beta Engineering Pty Ltd,Manufacturing,FY0,43616767,7868214,6735269,4034336,4808445,3717774,8569524,4275284,17137376,23699119,31824002,12044632,1201138,3363063,10709610,1063886,1408195,593806,752801,285032,1499794
61,Apex Group Pty Ltd,Construction,FY-2,45654478,3712236,2456063,777803,1883677,3242797,7629157,5167038,17608087,17142962,31589559,20395505,1359047,4350518,8799611,1904719,1040464,116918,764823,566488,319213
61,Apex Group Pty Ltd,Construction,FY-1,55969848,3948537,2408539,813959,2234208,3975489,9352922,6334501,21586535,22795660,38727042,18917014,1260528,3238118,9266293,1716480,2082709,162049,1022923,719050,334052
61,Apex Group Pty Ltd,Construction,FY0,53282446,4254770,2788715,1148299,2968304,3784605,8903840,6030349,20550054,19820713,36867556,17545700,1169151,3413491,9754669,1902776,1306909,116224,616334,339230,471265
62,Sigma Corp Pty Ltd,Retail Trade,FY-2,27108435,2797936,2428435,1252488,1745060,1531676,3433148,3810811,9198523,10996121,23546464,9011015,748021,1863934,3912412,711382,920835,207010,654842,404187,427927
62,Sigma Corp Pty Ltd,Retail Trade,FY-1,28138822,2369546,1986001,957513,1687972,1589895,3563641,3955660,9548158,10459665,24441461,8448712,701343,2143080,4663904,543652,942174,183757,904671,186218,327145
62,Sigma Corp Pty Ltd,Retail Trade,FY0,27419190,2569314,2195577,1146340,1459316,1549234,3472504,3854496,9303970,12355463,23816387,7921497,657578,2482677,5238412,924346,836336,126157,1039462,356316,391660
63,Alpha Logistics Pty Ltd,Manufacturing,FY-2,39671804,5258663,4779964,2719115,2965583,1825345,5145774,5807791,14056142,11905985,27470699,14259931,979163,3566242,7853792,1012861,842077,338466,1234247,209583,1081686
63,Alpha Logistics Pty Ltd,Manufacturing,FY-1,38433387,5112563,4648809,2654065,2975344,1768364,4985141,5626492,13617358,12713353,26613159,13674067,938934,4739270,9485261,956435,1226685,352667,1004386,406884,1055809
63,Alpha Logistics Pty Ltd,Manufacturing,FY0,40304623,5715136,5228802,3096593,3218248,1854462,5227856,5900433,14280357,13065981,27908895,13112272,900359,4414381,11077700,822111,902037,536029,323683,315398,1231850
64,Swift Engineering Pty Ltd,Professional Services,FY-2,11995896,3126029,2828753,1767105,2274627,1097066,2208181,224749,3883812,4479743,7897932,3794339,350979,655181,1876925,413214,295712,243237,375798,149684,710670
64,Swift Engineering Pty Ltd,Professional Services,FY-1,13491942,3304543,2970193,1876287,2322042,1233884,2483570,252778,4368174,5724769,8882909,3668369,339327,1004182,2937188,290719,287165,258972,323646,129239,754579
64,Swift Engineering Pty Ltd,Professional Services,FY0,14884417,3508290,3139432,2005020,2488473,1361231,2739894,278867,4819004,6767837,9799695,3546580,328061,1696548,4062960,374101,526166,286982,267211,136107,806351
65,Core Holdings Pty Ltd,Retail Trade,FY-2,5814756,400705,270285,105907,199442,307889,857187,319248,1558793,1708303,2624484,1828356,127952,285569,887793,132082,230413,21040,66552,87051,36427
65,Core Holdings Pty Ltd,Retail Trade,FY-1,5896387,413783,281532,116295,227058,312211,869221,323729,1580676,1723756,2661328,1789566,125237,309538,951337,174276,190767,12658,125747,51837,40000
65,Core Holdings Pty Ltd,Retail Trade,FY0,6704077,535105,384739,195066,317241,354978,988287,368074,1797198,2252692,3025878,1751599,122580,336262,1021114,149245,215910,38516,48321,77015,67093
66,Vanguard Group Pty Ltd,Transport & Logistics,FY-2,6073638,793670,677512,404781,471021,272095,619795,781515,1841606,2039815,4079527,1450059,136560,322403,781341,106360,178783,50380,87074,78857,136170
66,Vanguard Group Pty Ltd,Transport & Logistics,FY-1,6777349,882028,752412,464368,700753,303620,691606,872064,2054981,1876735,4552194,1399818,131829,487915,1024210,152430,179137,46956,121685,98793,156215
66,Vanguard Group Pty Ltd,Transport & Logistics,FY0,6710844,967796,839451,532915,657165,300641,684820,863507,2034815,2292243,4507524,1351318,127261,564603,1302831,94753,145744,105870,103566,92294,179275
67,Atlas Group Pty Ltd,Manufacturing,FY-2,14213770,1675154,1257327,746241,1278993,1308591,1489499,1509593,4504479,4224405,10661494,3200804,224972,1485021,3126229,222841,312564,92630,457114,151094,286114
67,Atlas Group Pty Ltd,Manufacturing,FY-1,14614946,1647075,1217455,726450,1074160,1345525,1531539,1552201,4631615,4607008,10962409,3023061,212479,1510794,3573974,292102,469505,77055,245358,142187,278526
67,Atlas Group Pty Ltd,Manufacturing,FY0,15103153,1616134,1172163,702240,933784,1390471,1582699,1604052,4786333,4381119,11328604,2855189,200680,1426075,4009844,306795,322106,108769,362042,174459,269244
68,Swift Logistics Pty Ltd,Retail Trade,FY-2,29439567,1889767,1139400,351283,1015273,2847264,4953797,2511981,11444829,16743883,23772110,10230141,646343,2278328,6279311,755048,1094964,62876,825164,334298,141775
68,Swift Logistics Pty Ltd,Retail Trade,FY-1,34085675,2519514,1650726,727851,1551612,3296615,5735598,2908418,13251035,20998343,27523789,9957559,629121,2130420,6490081,1186163,1092389,77477,280726,299858,293754
68,Swift Logistics Pty Ltd,Retail Trade,FY0,39049864,4131592,3136275,1798186,2882209,3776730,6570922,3331996,15180897,29195427,31532314,9692239,612358,2447836,6926791,992155,1076205,225473,547792,556180,725732
69,Southern Services Pty Ltd,Professional Services,FY-2,19238844,4622669,4392748,2758373,3261927,1449687,2221452,315084,4319715,3720955,7790089,6966617,589266,899565,2308401,672477,698664,525969,113395,242593,1045108
69,Southern Services Pty Ltd,Professional Services,FY-1,18967195,5109298,4882623,3142262,3408870,1429218,2190086,310636,4258722,4186978,7680094,6500061,549803,1201914,3963425,494252,653822,420274,279345,154825,1190558
69,Southern Services Pty Ltd,Professional Services,FY0,19443308,4772974,4540609,2920928,3461665,1465094,2245061,318433,4365624,4352212,7872879,6064750,512982,2882296,5848783,444650,726827,470550,324652,137126,1106698
70,Swift Industries Pty Ltd,Professional Services,FY-2,14576710,4514400,4254854,2869593,3006557,1336891,2412979,132378,4109655,3820063,9428241,3854399,378225,966095,2265227,275301,370426,382338,142886,135096,1007036
70,Swift Industries Pty Ltd,Professional Services,FY-1,16129198,4817896,4530707,3082242,3413456,1479276,2669972,146477,4547353,4273593,10432394,3738010,366804,1323274,3986983,267568,410596,410324,391798,225987,1081661
70,Swift Industries Pty Ltd,Professional Services,FY0,15110946,4337827,4068769,2748501,3002473,1385888,2501414,137230,4260274,4147826,9773786,3625136,355728,2536852,5836328,335341,351233,399681,466775,90411,964540
71,Peak Trading Pty Ltd,Retail Trade,FY-2,23547582,2458952,1754401,940977,1827009,1608505,1937812,2834815,6704054,10514032,18070547,5084297,435113,1905636,3838555,489354,807646,103149,694459,127200,378311
71,Peak Trading Pty Ltd,Retail Trade,FY-1,30309999,3241606,2334722,1376494,2667596,2070436,2494314,3648920,8629331,12248135,23260063,4730326,404820,2170191,4403142,563833,970408,163605,1148661,414339,553407
71,Peak Trading Pty Ltd,Retail Trade,FY0,32039209,3483816,2525193,1532449,2216440,2188556,2636617,3857094,9121641,13676674,24587068,4400999,376636,1717814,5229038,441504,1083340,164989,912683,277036,616107
72,Alpha Logistics Pty Ltd,Manufacturing,FY-2,29303835,3546396,2827274,1447351,2121570,2473268,4749187,2851877,10450094,14823192,28180288,12190941,872051,3830332,7887057,1163172,622748,195639,681740,243398,507872
72,Alpha Logistics Pty Ltd,Manufacturing,FY-1,32839878,4318527,3512629,1973144,2508399,2771713,5322263,3196008,11711089,17349306,31580754,11842305,847113,3356328,8755468,814587,728709,335685,332221,254261,692372
72,Alpha Logistics Pty Ltd,Manufacturing,FY0,35156530,4967834,4105085,2429642,2853376,2967240,5697716,3421466,12537234,17966894,33808582,11503640,822887,2988995,9939354,1206434,770177,435064,717538,461208,852556
73,Swift Enterprises Pty Ltd,Retail Trade,FY-2,6753137,420709,338034,141145,260737,574268,823210,1034803,2686029,3889734,6723084,2225672,148163,864362,2190950,209033,171654,25463,254433,56638,48726
73,Swift Enterprises Pty Ltd,Retail Trade,FY-1,7205925,414746,326528,135454,263651,612772,878405,1104185,2866123,3568501,7173857,2167814,144312,1124783,2275637,135659,214589,14919,92335,52465,46762
73,Swift Enterprises Pty Ltd,Retail Trade,FY0,6839145,382130,298402,117335,247338,581582,833694,1047982,2720238,3467953,6808710,2111460,140560,967753,2356910,136736,141886,15356,198020,47107,40506
74,Nova Enterprises Pty Ltd,Construction,FY-2,57334821,6049772,4536349,2378870,3695724,5223115,5378531,4340024,16596026,21857915,39525150,18396861,1342108,4184676,10505995,1386320,2013936,244186,470134,630465,815371
74,Nova Enterprises Pty Ltd,Construction,FY-1,59404813,6999584,5431521,3097515,4950536,5411688,5572716,4496714,17195202,19962474,40952149,17440197,1272316,4742258,11933317,2092205,1778556,601695,510895,339537,1061691
74,Nova Enterprises Pty Ltd,Construction,FY0,69921029,7229717,5384066,3111446,5181159,6369699,6559233,5292751,20239206,24272176,48201758,16533280,1206154,6802948,13791826,1704935,2068575,410454,531186,1002240,1066466
75,Coastal Engineering Pty Ltd,Professional Services,FY-2,16182695,4397739,4231878,2715242,3022273,1869614,2340563,98886,4604382,7928641,9820941,4992506,459580,1149881,3207768,476173,589624,408100,111121,134145,1057056
75,Coastal Engineering Pty Ltd,Professional Services,FY-1,18317027,4617578,4429841,2878395,3100172,2116196,2649259,111928,5211653,7495375,11116222,4680669,430874,1954859,4836914,498168,424076,481235,162786,182344,1120572
75,Coastal Engineering Pty Ltd,Professional Services,FY0,20948106,5513845,5299141,3523475,3978952,2420169,3029802,128005,5960261,10469961,12712969,4388311,403961,2415716,6563951,366699,462329,632649,146821,179382,1371705
76,Titan Industries Pty Ltd,Professional Services,FY-2,13054010,2484236,2271534,1452811,1600929,1051891,2449232,58360,3856201,6096015,7299070,3688795,316854,1143107,2359462,375955,439985,209099,289173,79652,501869
76,Titan Industries Pty Ltd,Professional Services,FY-1,14800667,3075588,2834426,1885695,2208846,1192636,2776945,66168,4372170,6174033,8275703,3461408,297323,1329186,3231149,409992,458518,239203,389597,176418,651408
76,Titan Industries Pty Ltd,Professional Services,FY0,15407465,2836836,2585786,1714517,1875742,1241532,2890794,68881,4551420,6980324,8614990,3248038,278995,1485609,4362566,200406,599205,195161,111920,176872,592275
77,Nova Group Pty Ltd,Professional Services,FY-2,14038749,3780123,3611430,2390951,2628152,1516503,2515644,22040,4557098,6000001,9740835,5120094,411896,775081,1629368,408210,438719,298367,329723,75870,808583
77,Nova Group Pty Ltd,Professional Services,FY-1,15736978,4281498,4092399,2759000,2778304,1699951,2819955,24706,5108358,6516043,10919158,4976533,400347,1485575,3063939,394840,490238,296854,224513,136024,933052
77,Nova Group Pty Ltd,Professional Services,FY0,17066589,4634080,4429004,3018927,2946152,1843579,3058211,26794,5539961,7102385,11841713,4836998,389122,2191296,4719339,292276,677410,471539,207400,235343,1020955
78,Urban Services Pty Ltd,Retail Trade,FY-2,21335004,1978667,1750344,577298,853808,1345299,3830371,1184743,7054648,7676042,19688726,9552032,931348,1823606,4682815,826527,662525,110209,640263,250984,241698
78,Urban Services Pty Ltd,Retail Trade,FY-1,22454446,2283078,2042774,827371,1140626,1415886,4031349,1246907,7424803,7646800,20721788,8912648,869006,2064316,5029193,911892,643246,159857,787412,279812,346397
78,Urban Services Pty Ltd,Retail Trade,FY0,22779666,2447266,2203483,981654,1653327,1436393,4089738,1264966,7532341,7989117,21021914,8316061,810838,2110235,5525616,917257,832239,153560,840649,161427,410991
79,Highland Trading Pty Ltd,Retail Trade,FY-2,3066904,170087,115371,7746,58925,289853,439829,440268,1226204,1095644,3311625,1268320,105043,420639,997045,108999,108285,860,144071,15840,2582
79,Highland Trading Pty Ltd,Retail Trade,FY-1,2516338,120737,75843,-12245,59431,237819,360872,361232,1006078,1006799,2717127,1211447,100332,335000,1001693,80580,76540,0,79817,24496,0
79,Highland Trading Pty Ltd,Retail Trade,FY0,2108076,125841,88231,-3801,13183,199234,302322,302624,842847,733095,2276288,1157123,95833,406360,994346,80086,78768,0,27199,14006,0
80,Peak Logistics Pty Ltd,Construction,FY-2,48742790,3067090,1716048,530773,2887814,3291258,9196455,5625846,19360242,25021136,43572043,12493360,984953,4872222,11017795,979560,1154664,98763,970876,432357,200323
80,Peak Logistics Pty Ltd,Construction,FY-1,59730190,4185767,2530179,1150289,3619676,4033160,11269482,6894001,23724349,34848820,53393874,11996106,945750,4543421,11336259,1268191,2357370,170577,1485914,788501,434140
80,Peak Logistics Pty Ltd,Construction,FY0,56652159,4536574,2966302,1494241,1990396,3825322,10688740,6538737,22501779,28968358,50642367,11518643,908108,5783527,12026432,788186,2053290,274522,1159345,428673,563953
